# x,y,z,concentration,mass,chi2
1.409877303880241186e+02,1.414004422844566022e+02,0.000000000000000000e+00,3.349412944918072288e+00,3.642749157923328750e+14,3.835105061891712921e+03
2.082087843657042470e+02,1.821457708998542842e+02,0.000000000000000000e+00,3.502797743871478797e+00,2.137592412481350938e+14,3.852782043222478023e+03
1.646405505854478690e+02,2.644808402681767916e+02,0.000000000000000000e+00,3.815510341564321894e+00,7.723442661025517188e+13,3.860883494489741679e+03
2.661836520763956742e+02,2.186625204960973008e+02,0.000000000000000000e+00,3.521523485640128737e+00,2.006130089952407812e+14,3.859369156965103230e+03
8.380202948322076395e+01,2.234588155482534830e+02,0.000000000000000000e+00,4.564851125504952201e+00,9.135655122085501953e+12,3.864063827631111053e+03
