# x,y,z,concentration,mass,chi2
1.476090704648737244e+02,1.418969711374921303e+02,0.000000000000000000e+00,3.330283794575790601e+00,1.829003825741764375e+14,3.834679419396341927e+03
2.401474410396786539e+02,2.155051727353047397e+02,0.000000000000000000e+00,3.540682355323497177e+00,8.820228179447843750e+13,3.856096005437748317e+03
7.843486403300047982e+01,2.059357187524927895e+02,0.000000000000000000e+00,4.056361607957975401e+00,1.747862393378607617e+13,3.858402412190242103e+03
1.692427535874155637e+02,2.522754756437121273e+02,0.000000000000000000e+00,3.862163003303086040e+00,3.134374323832588672e+13,3.861306675416137296e+03
