# x,y,z,concentration,mass,chi2
1.475125074537908745e+02,1.418244251187209670e+02,0.000000000000000000e+00,3.331158086573386523e+00,1.823297255136934062e+14,3.834697570926969092e+03
2.401473557483502645e+02,2.155052778789267052e+02,0.000000000000000000e+00,3.537017534771015548e+00,8.929641701008057812e+13,3.856096389704490775e+03
1.378128117266617778e+02,2.533673452627298843e+02,0.000000000000000000e+00,4.052482795022787521e+00,1.767882819409941406e+13,3.863308624880234674e+03
