true_index,true_x_arcsec,true_y_arcsec,true_M200_Msun,matched,delta_theta_arcsec,M200_recovered_Msun,mass_frac_error,kappa_ap_true,kappa_ap_rec,kappa_ap_frac_error,rec_x_arcsec,rec_y_arcsec
0,0.5,-0.5,100000000000000.0,True,0.4233477901763179,76601869887359.31,-0.2339813011264069,152.22162466186757,139.8590623549534,-0.08121423177801,0.2656000795884585,-0.8525337271215829
1,15.0,-15.0,10000000000000.0,True,0.5322389526675056,10863129378691.799,0.08631293786917989,121.60912573717933,112.46485211370384,-0.07519397551823549,15.460942823069505,-15.266101515586286
