true_index,true_x_arcsec,true_y_arcsec,true_M200_Msun,matched,delta_theta_arcsec,M200_recovered_Msun,mass_frac_error,kappa_ap_true,kappa_ap_rec,kappa_ap_frac_error,rec_x_arcsec,rec_y_arcsec
0,0.5,-0.5,100000000000000.0,True,0.40734173711632393,64041729893977.05,-0.35958270106022955,145.8228650339578,125.66931315451681,-0.13820570508436955,0.2830957662387671,-0.15521043494125758
1,25.0,-25.0,10000000000000.0,True,8.125618895264912,8074212090894.47,-0.19257879091055302,97.05677739100311,90.85473089895083,-0.06390122007726158,21.7954618620172,-17.53296459407752
