true_index,true_x_arcsec,true_y_arcsec,true_M200_Msun,matched,delta_theta_arcsec,M200_recovered_Msun,mass_frac_error,kappa_ap_true,kappa_ap_rec,kappa_ap_frac_error,rec_x_arcsec,rec_y_arcsec
0,0.5,-0.5,100000000000000.0,True,0.5324688235228989,100176011297549.45,0.0017601129754945312,152.22162466186757,226.53567362567415,0.48819639869750187,0.9686546718688511,-0.752756496572016
1,15.0,-15.0,10000000000000.0,True,9.392693805913867,133817775213239.56,12.381777521323956,121.60912573717933,230.8468298305952,0.8982689697934308,18.28043622630658,-6.19878218103948
