ID, chi2_all_signals, chi2_gamma_F, chi2_F_G, chi2_gamma_G
11476238763,2.1924276780006537,2.2913394634651403,2.12358414222704,2.181953024495189,3.0375326637536193,3.1077018971583166,2.9687633365419575,3.019259951691187
11377560064,2.390644142120752,2.5741529017778593,1.9576493589662605,2.6046459756609996,3.2788757975186993,3.4384143611440803,2.983149721423131,3.477268024581823
