# x,y,z,concentration,mass,chi2
7.008620079081686072e+01,1.614159245553993287e+02,0.000000000000000000e+00,2.568801784699324298e+00,1.000000000000000000e+16,2.287431386464995740e+04
5.882464326739034988e+01,-1.466125902624534660e+01,0.000000000000000000e+00,2.568801784699324298e+00,1.000000000000000000e+16,2.353183788939660371e+04
1.193726010806158513e+02,4.062606973821742429e+01,0.000000000000000000e+00,5.464873415747649510e+00,1.250344286183472900e+12,2.590587739598235203e+04
2.382587045673390946e+01,9.938117854460864464e+01,0.000000000000000000e+00,5.491502576988819051e+00,1.180042501161639648e+12,2.590700062826377325e+04
