# x,y,z,concentration,mass,chi2
8.102122896263998086e+01,3.779121092061366483e+01,0.000000000000000000e+00,3.184468905839042296e+00,6.645393717914941250e+14,7.688669470885712144e+03
