# x,y,z,concentration,mass,chi2
7.647135923816561842e+01,1.632241323743936050e+02,0.000000000000000000e+00,2.703739572893049559e+00,5.436337232303479000e+15,2.771835317904567546e+03
7.028594509031808002e+01,-2.091854990391685476e+01,0.000000000000000000e+00,2.707451868506005166e+00,5.348259788698770000e+15,2.789167312411236708e+03
1.656491959390253044e+01,9.925488282063307111e+01,0.000000000000000000e+00,5.917784991892268920e+00,4.845894498097182617e+11,3.610976060180254535e+03
1.237735618065825065e+02,5.136404787472174149e+01,0.000000000000000000e+00,5.794384815750052375e+00,6.227654717793555908e+11,3.610679250078716905e+03
1.970385872166828278e+01,4.197816984414176034e+01,0.000000000000000000e+00,4.910146833886591899e+00,4.471260134705142578e+12,3.603695027805611062e+03
1.315641525624478163e+02,1.080612796906476945e+02,0.000000000000000000e+00,7.345185945677796369e+00,3.699883862013505554e+10,3.612394346269781181e+03
1.276417611947841806e+02,9.007605306855147376e+00,0.000000000000000000e+00,4.696040952121694367e+00,7.602162136484125000e+12,3.608819991735981148e+03
1.251937301815488723e+01,1.122676518151408800e+02,0.000000000000000000e+00,6.427623534568589037e+00,1.811745399644994507e+11,3.612085681724433925e+03
