# x,y,z,concentration,mass,chi2
7.692548316540199949e+01,2.624593777547394069e+01,0.000000000000000000e+00,3.459056705925397157e+00,1.737767795460453750e+14,7.653067897237500802e+03
6.676928503278270455e+01,4.697373646689066362e+01,0.000000000000000000e+00,3.563894272401487040e+00,1.217926694968973906e+14,7.659047722600995257e+03
4.786027468577813693e+01,3.303467834220593602e+01,0.000000000000000000e+00,4.136063561450352033e+00,2.069334802550185938e+13,7.694392365929938023e+03
8.517439748398676613e+01,7.754498254822257763e+01,0.000000000000000000e+00,4.135444739250859314e+00,2.073024149551208203e+13,7.709359576790960091e+03
8.229106170482648963e+01,5.452732013936211786e+01,0.000000000000000000e+00,3.558469251686283030e+00,1.240215830232086875e+14,7.653501581347107276e+03
6.109377824120933553e+00,9.221396931058563951e+01,0.000000000000000000e+00,4.635600884671402966e+00,5.325015139090801758e+12,7.733635138727024241e+03
9.699783602260129101e+01,2.995475937753506912e+01,0.000000000000000000e+00,3.920685319577129846e+00,3.911302886425492188e+13,7.709213319884888733e+03
