# x,y,z,concentration,mass,chi2
3.241057873465653927e+01,1.508195191153868393e+02,0.000000000000000000e+00,2.493546907664155654e+00,1.424711100300123000e+16,5.818866027819277406e+03
7.815656539310326423e+01,-9.659765161307845460e+00,0.000000000000000000e+00,3.227383648242824421e+00,6.606934480076342500e+14,5.618973011001136911e+03
1.213882875710785072e+02,1.198509671123031808e+02,0.000000000000000000e+00,2.402681182352277123e+00,2.216400205035070400e+16,5.810623592474175894e+03
