# x,y,z,concentration,mass,chi2
5.748262084463927124e+01,1.700032960631025247e+01,0.000000000000000000e+00,2.722469962148284850e+00,5.007409004324017000e+15,2.162929448215817974e+05
6.604423776419959324e+01,1.627160190677269043e+02,0.000000000000000000e+00,2.746900160199952090e+00,4.502204662033531000e+15,2.213120640819762484e+05
2.150454272153599788e+01,1.022357447373530164e+02,0.000000000000000000e+00,4.918900374750972304e+00,4.377448480602284180e+12,2.228393822322463384e+05
6.002928658603067902e+00,9.235759897739121982e+01,0.000000000000000000e+00,5.894049684295311842e+00,5.083377975030128174e+11,2.228592899551538576e+05
1.360578643918439070e+02,1.078184442211978364e+02,0.000000000000000000e+00,6.180032817729441241e+00,2.891933150187060547e+11,2.228641338683398499e+05
