# x,y,z,concentration,mass,chi2
3.241057873465653927e+01,1.508195191153868393e+02,0.000000000000000000e+00,2.568801784699324298e+00,1.000000000000000000e+16,5.431362057472053493e+03
7.815656539310326423e+01,-9.659765161307845460e+00,0.000000000000000000e+00,3.458944461061558062e+00,2.895676660574131875e+14,5.635357291809747039e+03
1.213882875710785072e+02,1.198509671123031808e+02,0.000000000000000000e+00,2.568801784699324298e+00,1.000000000000000000e+16,5.739503012631316778e+03
