# x,y,z,concentration,mass,chi2
6.378627457767304065e+01,3.091904462417797816e+01,0.000000000000000000e+00,3.606174095769128396e+00,1.762937691709950938e+14,7.656688959629510464e+03
8.229194083220487244e+01,5.437523036207963401e+01,0.000000000000000000e+00,3.701640423890606879e+00,1.291657002943634219e+14,7.646420235582753776e+03
9.624461113835276649e+01,3.142461651182778581e+01,0.000000000000000000e+00,4.843639017655416268e+00,5.259426577223492188e+12,7.709353573263163526e+03
8.491350092966487750e+01,7.732814725899103792e+01,0.000000000000000000e+00,4.466900925051982441e+00,1.379033110623294531e+13,7.710604392814189850e+03
6.157849577010509279e+00,9.212426550605478326e+01,0.000000000000000000e+00,4.919402786588800147e+00,4.372129267151498535e+12,7.733838678239284491e+03
