# x,y,z,concentration,mass,chi2
1.123051781524474677e+02,3.683577993642984438e+01,0.000000000000000000e+00,4.158465392882217948e+00,1.300104716354526953e+13,9.557527415417926022e+03
3.497084030409544653e+01,1.386284187345932253e+02,0.000000000000000000e+00,3.631226129375185074e+00,6.530227258541324219e+13,9.434000752644493332e+03
7.928762382853926738e+01,6.882644479704708829e+01,0.000000000000000000e+00,4.406657123760933104e+00,6.520216913411350586e+12,9.467708460557107173e+03
4.943066531473121472e+00,1.164283198457065680e+02,0.000000000000000000e+00,3.707169444467111497e+00,5.104047405837747656e+13,9.459306820372232323e+03
1.171216852111285363e+02,4.770627610637069438e+01,0.000000000000000000e+00,4.083034724659609260e+00,1.616670102883936914e+13,9.461928551843817331e+03
7.324542408284344219e+00,3.080189727838785529e+00,0.000000000000000000e+00,5.504086697346629364e+00,4.618997056984901733e+11,9.421904212088180429e+03
1.047261752691057808e+02,-8.020955236633199092e+00,0.000000000000000000e+00,4.128963535427024212e+00,1.415104079750105273e+13,9.468008934057954320e+03
4.364174469493012509e+01,9.636670179077154330e+01,0.000000000000000000e+00,4.285393522090054752e+00,9.089301510793951172e+12,9.475471004747234474e+03
