# x,y,z,concentration,mass,chi2
4.395987407538639502e+01,1.342648269775988865e+02,0.000000000000000000e+00,3.599918484664738738e+00,7.239318360958557812e+13,9.249339182007766794e+03
1.162150362533987220e+02,4.805190250667268970e+01,0.000000000000000000e+00,3.912601313843009798e+00,2.685762229797264453e+13,9.043496255559875863e+03
7.972794738544898507e+01,7.052727459206876404e+01,0.000000000000000000e+00,4.441492504869763991e+00,5.936789407474502930e+12,9.074156308349496612e+03
9.841098388627439419e+01,-4.449321006357095598e+00,0.000000000000000000e+00,3.846584140966839538e+00,3.288880051464535547e+13,9.044617806093065155e+03
4.826144156927128392e+00,1.091187256853513787e+02,0.000000000000000000e+00,3.750411134365141841e+00,4.445872983503618750e+13,9.020162835699116840e+03
1.125783500905713055e+02,3.878235021287708406e+01,0.000000000000000000e+00,3.951442649883197600e+00,2.387784351338962891e+13,9.080342113950810017e+03
5.641273900567887267e+01,1.073086442744590130e+01,0.000000000000000000e+00,5.361059610605239278e+00,6.319376498793979492e+11,9.142083411887626426e+03
4.419280788285718131e+00,9.095485990361382278e+01,0.000000000000000000e+00,4.263751573940535167e+00,9.653991046036029297e+12,9.057855360428078711e+03
