# x,y,z,concentration,mass,chi2
4.475986515837426793e+01,1.365414977026878205e+02,0.000000000000000000e+00,3.539708836491899380e+00,1.197653382659199023e+13,9.237651174905644439e+03
7.622918703023771059e+00,3.684614122010287929e+00,0.000000000000000000e+00,4.551504780723564458e+00,6.004548995363231201e+11,9.403653894741248223e+03
-2.837182127466462589e+00,1.182219976499363270e+02,0.000000000000000000e+00,3.279001479501409300e+00,2.977679151135826172e+13,9.408375283128258161e+03
3.554996996188236125e+01,1.377051145480040759e+02,0.000000000000000000e+00,3.601288129664709459e+00,9.753501521055699219e+12,9.390399338156190424e+03
4.372222289336061607e+01,9.604025147018204223e+01,0.000000000000000000e+00,4.005842018969949514e+00,2.746202771925262695e+12,9.417895420280412509e+03
