# x,y,z,concentration,mass,chi2
2.520890538546658632e+01,1.438432960732476715e+02,0.000000000000000000e+00,3.508647420510914827e+00,9.828126756512335938e+13,9.336891370802486563e+03
1.004833195684926608e+02,4.358439249304419150e+01,0.000000000000000000e+00,3.825791513604878347e+00,3.508092992946377344e+13,9.368312775440539554e+03
1.217165197647462094e+02,4.991702894472943797e+01,0.000000000000000000e+00,3.922293817766088875e+00,2.607807764686999219e+13,9.383044939548861294e+03
4.841685390098675157e+00,1.090381225620016323e+02,0.000000000000000000e+00,3.761336352216344991e+00,4.294551950824074219e+13,9.359285590419673099e+03
9.124068019693737597e+01,-7.768692686320406438e-01,0.000000000000000000e+00,3.954292672330902647e+00,2.367376873991816406e+13,9.378610155493763159e+03
3.539163129462339441e+01,9.034294231497804617e+01,0.000000000000000000e+00,4.361447956637115375e+00,7.371880697123375977e+12,9.413111356822108064e+03
