# x,y,z,concentration,mass,chi2
2.392542904231965650e+01,1.161499606060240239e+02,0.000000000000000000e+00,2.653925903871413805e+00,3.659894791742319375e+14,9.351843684277329885e+03
1.108160597825096403e+02,3.288207440766325362e+01,0.000000000000000000e+00,2.755862461954544429e+00,2.336697961406611875e+14,9.361114919742365601e+03
3.344938870264225983e+01,1.385223611958545007e+02,0.000000000000000000e+00,2.606635261410163107e+00,4.533433633595965625e+14,9.352486040357745878e+03
9.743836499876071855e+01,-9.510719343377104451e+00,0.000000000000000000e+00,2.847355343999869337e+00,1.583958815602920625e+14,9.396237578150981790e+03
7.570900978477665433e+01,7.292275328956996816e+01,0.000000000000000000e+00,3.393819558797945390e+00,1.959027661567907422e+13,9.411692651096989721e+03
