# x,y,z,concentration,mass,chi2
1.144200297670232658e+02,9.618866037613685194e+00,0.000000000000000000e+00,4.792683378964858854e+00,2.399394060301936035e+12,8.889365040363250955e+03
