# x,y,z,concentration,mass,chi2
2.015321125402605418e+01,1.340879890901506144e+02,0.000000000000000000e+00,3.267955231355897272e+00,3.099734509225775000e+13,1.148119602436542846e+04
1.119386380731914699e+02,3.842626101296420416e+01,0.000000000000000000e+00,3.493091453681444136e+00,1.402406158291760547e+13,1.149750148997848373e+04
1.014922581287572712e+02,6.311783456074260101e+01,0.000000000000000000e+00,3.724983765330666330e+00,6.524679594826932617e+12,1.150386936592572602e+04
1.014278453681247214e+02,-1.696361345687068933e+01,0.000000000000000000e+00,3.228707919569403728e+00,3.579256519106956250e+13,1.151498727690254600e+04
6.393900288970600343e+01,8.636239643119063203e+01,0.000000000000000000e+00,3.933445563865257011e+00,3.412136005930008301e+12,1.153633334064033443e+04
