# x,y,z,concentration,mass,chi2
4.391601637602034458e+01,1.343992692071373085e+02,0.000000000000000000e+00,3.795832730719260084e+00,3.852270101208007812e+13,9.468208454466619514e+03
1.032870544382442688e+02,4.468933579892517116e+01,0.000000000000000000e+00,3.840125926594240902e+00,3.355334172300691406e+13,9.364726696346380777e+03
4.839044691948217292e+00,1.090415792708303258e+02,0.000000000000000000e+00,3.723184569376065234e+00,4.848723820096813281e+13,9.359095181023523764e+03
8.978243883845340179e+01,-1.320297293888989998e+01,0.000000000000000000e+00,3.846210946841681633e+00,3.292681072027514453e+13,9.373715482898043774e+03
3.537880830972640211e+01,9.033230488318636731e+01,0.000000000000000000e+00,4.381257721136385896e+00,6.984711360318456055e+12,9.412224609499560756e+03
1.373260801678010807e+02,4.476721380393299654e+01,0.000000000000000000e+00,4.062265403137065967e+00,1.717860239335148047e+13,9.387986549488701712e+03
