# x,y,z,concentration,mass,chi2
1.402974767768296829e+02,9.447902214422697398e+01,0.000000000000000000e+00,2.794992996828337350e+00,1.993438143963643438e+14,1.157773412798135905e+04
