# x,y,z,concentration,mass,chi2
7.972036244829740781e+01,7.054351544621589198e+01,0.000000000000000000e+00,4.916016057406077167e+00,1.773118836862306885e+12,9.433681335926503380e+03
3.566914195324676484e+01,1.378505536586925757e+02,0.000000000000000000e+00,3.818718868321418380e+00,3.586228119744953906e+13,9.430136248074901232e+03
1.013569119185047356e+02,5.844268268771307362e+01,0.000000000000000000e+00,4.833906291044985259e+00,2.166815629995440918e+12,9.442087699567140589e+03
1.149070734689040165e+02,4.937902469519573856e+01,0.000000000000000000e+00,4.185326718841219318e+00,1.204174298092818359e+13,9.463090818305172434e+03
