# x,y,z,concentration,mass,chi2
3.319204341355099785e+01,1.425984006807335902e+02,0.000000000000000000e+00,3.243233338986661440e+00,3.393010816980191016e+13,7.685592853342333001e+03
1.181788178433299521e+02,4.976752816618876096e+01,0.000000000000000000e+00,3.464961047524714566e+00,1.544111173920460156e+13,7.692436769688443746e+03
9.360901816170064649e+01,-1.565368847268764796e+01,0.000000000000000000e+00,3.294057981178593053e+00,2.819628352783789844e+13,7.697492826573865386e+03
1.953626930456767496e+01,1.116292710054112689e+02,0.000000000000000000e+00,3.452988280705825197e+00,1.609068107206661523e+13,7.702322939673887959e+03
7.309230082985766330e+01,5.975611779690370184e+01,0.000000000000000000e+00,3.978261724114604103e+00,2.981621004917520508e+12,7.718411995303644289e+03
4.763209914473446105e+01,1.005272556521548495e+02,0.000000000000000000e+00,3.784861053473361547e+00,5.396498862663619141e+12,7.713106891130284566e+03
1.103586322509109152e+02,3.318539532062253983e+01,0.000000000000000000e+00,3.468764844781023537e+00,1.524073524465964453e+13,7.693263417281388683e+03
1.471482765440331093e+02,1.866641349872517708e+01,0.000000000000000000e+00,3.409568408224592506e+00,1.870679466520608203e+13,7.712424470543163807e+03
