# x,y,z,concentration,mass,chi2
1.864120634541723831e+01,2.652680875435663665e+00,0.000000000000000000e+00,4.826540367165892853e+00,2.206512010058894531e+12,8.908995714328610120e+03
1.366543807823637451e+02,6.284284880915635085e+00,0.000000000000000000e+00,3.746561718813796293e+00,4.500558718321953906e+13,9.030902026200146793e+03
