# x,y,z,concentration,mass,chi2
1.312529671980900048e+02,1.013910178855175275e+02,0.000000000000000000e+00,4.380539948688420004e+00,9.471638856933698730e+11,9.406823566600014601e+03
4.397233573389007688e+01,1.359997119014302029e+02,0.000000000000000000e+00,4.301456205697241408e+00,1.176568642717571045e+12,9.419249286552043486e+03
6.453800665155327465e+00,3.340680655923435438e+00,0.000000000000000000e+00,4.469808432029211076e+00,7.449452488254007568e+11,9.502780882014383678e+03
6.067180778037453592e+00,1.115701984695531337e+02,0.000000000000000000e+00,3.328568710322210134e+00,2.490620157391491016e+13,9.445362814678139330e+03
9.653445353360100967e+01,-2.024223409095982618e+01,0.000000000000000000e+00,3.261352674256529749e+00,3.175271388407010156e+13,9.442945253466448776e+03
1.067495253769471333e+02,4.801699847381965469e+01,0.000000000000000000e+00,3.645888161748761735e+00,8.424108920421684570e+12,9.470853725726279663e+03
3.553457325344540152e+01,1.477757959109630121e+02,0.000000000000000000e+00,3.195259315573060643e+00,4.051668337883722656e+13,9.449645541437706925e+03
