# x,y,z,concentration,mass,chi2
4.413848101772282462e+01,1.354290812690119878e+02,0.000000000000000000e+00,3.795250069368348633e+00,3.859316655877338281e+13,9.309758364969169634e+03
7.927545988133113042e+01,6.886694717958782519e+01,0.000000000000000000e+00,4.412592771625582166e+00,6.416565734165911133e+12,9.500929487338911713e+03
1.096382356302809598e+02,8.812382636615865295e+01,0.000000000000000000e+00,5.291636449068199965e+00,7.380108838263596191e+11,9.527623273618237363e+03
1.170403076891738579e+02,4.776923827074701023e+01,0.000000000000000000e+00,4.058310519190214904e+00,1.737896002806335742e+13,9.472939796941303939e+03
4.915076569082458491e+00,1.165762259664475664e+02,0.000000000000000000e+00,3.707719290014876101e+00,5.095043765250907812e+13,9.437853888633559109e+03
4.462076877132531649e+00,9.099074278074125743e+01,0.000000000000000000e+00,4.363178867898829694e+00,7.337140551793502930e+12,9.481141718240898626e+03
7.328388301035516861e+00,3.083548963887920991e+00,0.000000000000000000e+00,5.500750412674167755e+00,4.652458622035192871e+11,9.458998357010346808e+03
