# x,y,z,concentration,mass,chi2
1.155864794976959331e+02,1.440739520186152447e+02,0.000000000000000000e+00,2.730345346466551248e+00,2.633859169367294375e+14,7.784820516967836738e+03
