# x,y,z,concentration,mass,chi2
4.412793072370651259e+01,1.355535368509277419e+02,0.000000000000000000e+00,4.654786478716231635e+00,4.596966457822177734e+11,1.045381200202587024e+04
3.553947811824132685e+01,1.377883087650358220e+02,0.000000000000000000e+00,3.702186893411380630e+00,7.019364977581660156e+12,1.062291172288059897e+04
