# x,y,z,concentration,mass,chi2
1.622796428119416845e+01,1.409812615317579514e+02,0.000000000000000000e+00,3.389145916228626820e+00,1.484673659165245000e+14,9.760603684575975421e+03
1.115319361124898307e+02,3.303267830731952159e+01,0.000000000000000000e+00,3.663366502434205252e+00,5.879872072631312500e+13,9.794106766412107390e+03
1.216934428015864995e+02,4.991687085157743553e+01,0.000000000000000000e+00,3.753398844387942024e+00,4.403925349039259375e+13,9.811944244591641109e+03
3.534192207255013329e+01,9.033656758781796725e+01,0.000000000000000000e+00,4.211103139266977102e+00,1.119296530839389453e+13,9.844739632135540887e+03
7.465098128024659729e+01,6.171763766560368225e+01,0.000000000000000000e+00,4.612311822098203784e+00,3.788225682676615723e+12,9.823198914299722674e+03
9.866189765758572605e+01,1.142742533072888023e+02,0.000000000000000000e+00,5.290633312971565694e+00,7.396784562366149902e+11,9.812592698285716324e+03
