# x,y,z,concentration,mass,chi2
1.122954263172721312e+02,3.681719360650479445e+01,0.000000000000000000e+00,4.133056043524594436e+00,1.398512643612024609e+13,9.459731370455141587e+03
3.523563866644752807e+01,1.373685443930246493e+02,0.000000000000000000e+00,3.649027794101287636e+00,6.160898461521952344e+13,9.386764973535548052e+03
7.973226852251912078e+01,7.052669822867801486e+01,0.000000000000000000e+00,4.435331801017217579e+00,6.035705802908493164e+12,9.452595909257826861e+03
4.914603809959118053e+00,1.165761436703433844e+02,0.000000000000000000e+00,3.711418426360459932e+00,5.034916658748733594e+13,9.391381920605814230e+03
1.168398962906371992e+02,4.784759732331356474e+01,0.000000000000000000e+00,4.043088337059645099e+00,1.817409831369265625e+13,9.423745273264079515e+03
7.321854851361692340e+00,3.078704907149997894e+00,0.000000000000000000e+00,5.500344774400607761e+00,4.656544890382967529e+11,9.410335796309020225e+03
9.163113120551867041e+01,-3.918427128385332026e+00,0.000000000000000000e+00,4.146268501279748442e+00,1.346371381205835938e+13,9.428299804909038357e+03
4.462231045357100356e+00,9.099072825477523452e+01,0.000000000000000000e+00,4.358976485511137255e+00,7.421793625293927734e+12,9.434772907730170118e+03
