# x,y,z,concentration,mass,chi2
2.660267838771834903e+01,1.747969990784042693e+00,0.000000000000000000e+00,5.077727293614273663e+00,1.206156211793541992e+12,9.416074936722710845e+03
4.339630096164995621e+00,9.962749420492350794e+00,0.000000000000000000e+00,4.728153751713733755e+00,2.819594654319204590e+12,9.428969916543162981e+03
7.387853691557594971e+01,2.636857771417238894e+01,0.000000000000000000e+00,5.086173931886968091e+00,1.182524875754220215e+12,9.449037937864275591e+03
2.505906474638980796e+01,3.148280127356379410e+01,0.000000000000000000e+00,4.913237518818832861e+00,1.785093044503971436e+12,9.469416892523491697e+03
