# x,y,z,concentration,mass,chi2
3.869733575905577538e+01,1.475498031419268727e+02,0.000000000000000000e+00,3.598591550522083349e+00,7.271160961944403125e+13,1.059385311601034846e+04
2.762880486806403013e+01,7.831693540695286515e+01,0.000000000000000000e+00,5.429918044635761554e+00,5.428632465862022095e+11,1.060460995755436124e+04
1.092724366469499273e+02,4.865808709871936344e+01,0.000000000000000000e+00,4.030638936045865428e+00,1.885373204803104688e+13,1.060544644030277414e+04
-2.475594420608899782e-01,1.129637368273092903e+02,0.000000000000000000e+00,3.919448566244230214e+00,2.630433966770619531e+13,1.058233568863243636e+04
1.315745842761891140e+02,1.016364124216950700e+02,0.000000000000000000e+00,5.448898496417178272e+00,5.207741876516629028e+11,1.060012691123431796e+04
9.969423999377480072e+01,-1.280592151606147411e+01,0.000000000000000000e+00,3.735498724718695041e+00,4.661822184317016406e+13,1.059537929668467405e+04
