# x,y,z,concentration,mass,chi2
2.360211410287630684e+01,1.173409805184670915e+02,0.000000000000000000e+00,2.640274239498964892e+00,3.891637246652281875e+14,9.355034567092428915e+03
1.103617898689194874e+02,3.267838554902719750e+01,0.000000000000000000e+00,2.753105880494721269e+00,2.364703472502949375e+14,9.367082625451090280e+03
3.702695161948889790e+01,1.535796645980529433e+02,0.000000000000000000e+00,2.592251591267008770e+00,4.842122674992988750e+14,9.364585647581510784e+03
1.177069276139090732e+02,5.300109296577704754e+01,0.000000000000000000e+00,2.859186327692886831e+00,1.507668714404516875e+14,9.384167170463746515e+03
7.533871572903659342e+01,7.500746983356873443e+01,0.000000000000000000e+00,3.361514200884701875e+00,2.195283147340494141e+13,9.417630701853882783e+03
1.444091457423687075e+01,9.184344628541634847e+01,0.000000000000000000e+00,3.012945823552284796e+00,8.081390843672432812e+13,9.408712696311687978e+03
9.540465000035666776e+01,-1.167023614690212696e+01,0.000000000000000000e+00,2.857543243566831759e+00,1.518021462283904062e+14,9.403820324660917322e+03
8.592346175314520451e+01,1.027005528288912188e+02,0.000000000000000000e+00,3.641810505780150198e+00,8.460858324790628906e+12,9.422569056749764059e+03
