ID, Mass, Halo Number, Mass Fraction, Size
11442363371, 4252800000000.0, 14, 0.0134512556433408, 1189.34743964699
11393158255, 139070000000000.0, 493, 0.0388394873085496, 3803.308673035119
