# x,y,z,concentration,mass,chi2
2.048418399805048296e+02,2.263551068795022161e+02,0.000000000000000000e+00,6.683268812505474443e+00,4.580708376098043060e+10,3.857619594038745163e+03
