# x,y,z,concentration,mass,chi2
1.409979729662244381e+02,1.409730674334043385e+02,0.000000000000000000e+00,3.088656271133093600e+00,4.483727318938598125e+14,3.833580209106710299e+03
2.400707944809183800e+02,2.155082999410943501e+02,0.000000000000000000e+00,3.257060303158286985e+00,2.383199414017151250e+14,3.852761519932064402e+03
1.300037601387265624e+02,2.628456323116082558e+02,0.000000000000000000e+00,3.970445243735073237e+00,2.255231855174633984e+13,3.862216830580282021e+03
