# x,y,z,concentration,mass,chi2
7.682473562634127973e+01,3.635925557735472324e+01,0.000000000000000000e+00,3.232319079268845208e+00,2.609659705904057500e+14,6.027748104558719206e+03
8.082092285324807790e+01,1.333024102221390592e+02,0.000000000000000000e+00,4.606812589647198308e+00,3.842411631078304688e+12,6.098021217569344117e+03
4.628244595713043452e+01,7.667264066267802036e+01,0.000000000000000000e+00,4.598707945012446174e+00,3.923807088283035645e+12,6.123879164205095549e+03
8.713203114106043756e+01,7.185680945296239486e+01,0.000000000000000000e+00,3.672266367243934848e+00,5.712452175278465625e+13,6.082511881259652910e+03
1.988212998916790752e+01,8.960051603651399432e+01,0.000000000000000000e+00,4.288114067187659195e+00,9.020888443710828125e+12,6.110394440660364126e+03
