# x,y,z,concentration,mass,chi2
7.214277215988792591e+01,8.887434754758085376e+01,0.000000000000000000e+00,4.914537172932378795e+00,1.779481264662693604e+12,6.624686590717439685e+03
7.249433543895328569e+01,3.358465880321600849e+01,0.000000000000000000e+00,3.518741564609669137e+00,9.497687233544912500e+13,6.627466374304735837e+03
4.778629307167156526e+01,3.308717848453891008e+01,0.000000000000000000e+00,4.300043700927623114e+00,8.727417299047779297e+12,6.669170201908194031e+03
1.624779874292027415e+01,9.240732808601212867e+01,0.000000000000000000e+00,4.558514384474759318e+00,4.356066975180592285e+12,6.706600596474516351e+03
8.515386280277060393e+01,7.752934291672957556e+01,0.000000000000000000e+00,4.269829561272411311e+00,9.491657257204324219e+12,6.688668181868555621e+03
