# x,y,z,concentration,mass,chi2
7.882816725188311580e+01,3.883554396188092284e+01,0.000000000000000000e+00,3.219709285221455275e+00,2.733965281227610625e+14,6.657879706972023087e+03
1.918967810162751420e+01,9.066697592040205222e+01,0.000000000000000000e+00,4.801687933435130340e+00,2.346372216767598145e+12,6.711203957426477245e+03
