# x,y,z,concentration,mass,chi2
8.102314590417110196e+01,3.779128563795167395e+01,0.000000000000000000e+00,3.184358020753766283e+00,4.653704340255556875e+14,7.688685655706522084e+03
4.310829748527183369e+00,3.833448093008698976e+01,0.000000000000000000e+00,4.947948862834511630e+00,2.450123211414481934e+12,7.748984254914817029e+03
8.909703117970930464e+01,7.586830535159984379e+01,0.000000000000000000e+00,3.723041934732735037e+00,7.240202571006117188e+13,7.758648613538623977e+03
5.735503981808589913e+01,3.053454770819236330e+01,0.000000000000000000e+00,3.342565879820033725e+00,2.612806765602401875e+14,7.692234087704974627e+03
1.801575120469482272e+01,9.088440790965303506e+01,0.000000000000000000e+00,4.903356059972469261e+00,2.728944664641120605e+12,7.735943625019929641e+03
