# x,y,z,concentration,mass,chi2
7.445686188843656339e+01,4.431279510174989866e+01,0.000000000000000000e+00,3.236966277722624685e+00,2.565404854707968125e+14,7.084263588777613222e+03
8.883628116345190051e+01,2.178442568519027134e+01,0.000000000000000000e+00,3.411616998829887670e+00,1.372348174850416406e+14,7.161350095611414872e+03
1.815389629826756845e+01,8.684113747337957534e+01,0.000000000000000000e+00,4.833636067520424184e+00,2.168258158031961426e+12,7.201147778466523960e+03
