# x,y,z,concentration,mass,chi2
7.835522739090907862e+01,4.203685210876072631e+01,0.000000000000000000e+00,3.121909328950154716e+00,3.947059239065949375e+14,6.676702872595424196e+03
