# x,y,z,concentration,mass,chi2
8.637667273186070815e+01,5.474081456017601965e+01,0.000000000000000000e+00,3.609347573666163100e+00,7.017354267270293750e+13,7.653208799506863215e+03
3.108841735948672635e+00,3.753063773865770969e+01,0.000000000000000000e+00,4.292094514312491782e+00,8.921796629893669922e+12,7.649957182346876834e+03
4.780648569980692741e+01,3.309390041875335697e+01,0.000000000000000000e+00,4.380709236438235621e+00,6.995129394148117188e+12,7.696522348415007400e+03
8.538005869036702222e+01,2.518357139066628747e+01,0.000000000000000000e+00,3.853433721193334272e+00,3.219954531258404297e+13,7.691859473938327938e+03
6.087505971788274906e+00,9.222135968209524037e+01,0.000000000000000000e+00,4.734905406959701857e+00,2.772101326872258789e+12,7.733579163666994646e+03
