# x,y,z,concentration,mass,chi2
8.844747229460541860e+01,2.278283747415142813e+01,0.000000000000000000e+00,3.686550427744585523e+00,5.454451741526135156e+13,6.202798207567617283e+03
9.570254429901339677e+01,6.206101849283017202e+01,0.000000000000000000e+00,3.570409201555355239e+00,7.984602788021243750e+13,6.234979253403007533e+03
3.862786357559497219e+01,2.795497352606427910e+01,0.000000000000000000e+00,4.505402384573683250e+00,5.008258661149770508e+12,6.323008972620225904e+03
7.241861473137221594e+01,8.842477997305761050e+01,0.000000000000000000e+00,4.206271206500965754e+00,1.134699747931652539e+13,6.305463752625892084e+03
1.734528937781116298e+01,9.164296898074074704e+01,0.000000000000000000e+00,4.576039747242199418e+00,4.161556131593395996e+12,6.347463783664343282e+03
6.025691185988199550e+01,4.053539180073204307e+01,0.000000000000000000e+00,3.481023740155799739e+00,1.079783642462796719e+14,6.275843927325255208e+03
