# x,y,z,concentration,mass,chi2
7.118331849952733137e+01,8.873187204738331957e+01,0.000000000000000000e+00,4.530334819640243538e+00,4.689801070268867188e+12,6.629157655045396496e+03
6.821762469923993422e+01,4.068382790989949171e+01,0.000000000000000000e+00,3.506390519786713789e+00,9.903700046971656250e+13,6.640873815309054407e+03
4.688581431249767917e+01,3.320450639384192471e+01,0.000000000000000000e+00,4.357919040378920528e+00,7.443261197426260742e+12,6.656300177379333945e+03
1.058953188028260541e+02,2.746846200035706431e+01,0.000000000000000000e+00,3.923459740015474484e+00,2.598597054343323047e+13,6.670347050253722955e+03
