# x,y,z,concentration,mass,chi2
1.034926173431218643e+01,9.989305016459948661e+01,0.000000000000000000e+00,2.108245078034085118e+00,4.226938326854710400e+16,9.199917353725708381e+03
