# x,y,z,concentration,mass,chi2
7.639275523536363721e+01,4.243192325830778344e+01,0.000000000000000000e+00,3.122898442272413977e+00,3.932202185473803125e+14,6.676610898287810414e+03
