# x,y,z,concentration,mass,chi2
7.465228131310331605e+01,4.177530915067388406e+01,0.000000000000000000e+00,3.229818556752161118e+00,2.633813830937169688e+14,6.256062168950153136e+03
9.771430339870083515e+01,6.303684897904969375e+01,0.000000000000000000e+00,3.425587692564226572e+00,1.307180318021298594e+14,6.289284096310927453e+03
1.867857323561396754e+01,9.084408762315551655e+01,0.000000000000000000e+00,3.762253930085898368e+00,4.282099467637225781e+13,6.369046803524217466e+03
4.075136505198524617e+01,2.428004134368639910e+01,0.000000000000000000e+00,3.901778394838697483e+00,2.775804994313975391e+13,6.349974135683918576e+03
7.128667575944530199e+01,1.343914893590857673e+02,0.000000000000000000e+00,6.140976351463446115e+00,1.254441912301059265e+11,6.353993015327809189e+03
9.673377348896323724e+01,1.558222001087801090e+01,0.000000000000000000e+00,3.503311852390315284e+00,1.000780805409111875e+14,6.317938794615904953e+03
4.203176924305736861e+00,6.148401574075345621e+01,0.000000000000000000e+00,5.728832545561254541e+00,2.868353430326734009e+11,6.351816488059215772e+03
1.410902682823843293e+02,1.046848411706383217e+02,0.000000000000000000e+00,7.854471861882581507e+00,6.700000000000000000e+09,6.354311011071371468e+03
