# x,y,z,concentration,mass,chi2
7.595041718228594618e+01,3.644146917102257532e+01,0.000000000000000000e+00,3.221835552349943566e+00,2.712562706357001875e+14,6.246300071676434527e+03
8.484153962611262045e+01,5.358656974264532380e+01,0.000000000000000000e+00,3.316738680298264796e+00,1.919932255928633125e+14,6.259045607283379468e+03
1.770653490149565101e+01,9.109142867389985554e+01,0.000000000000000000e+00,4.604106025830884796e+00,3.869388406808914062e+12,6.347503212590736439e+03
