# x,y,z,concentration,mass,chi2
8.102314590417110196e+01,3.779128563795167395e+01,0.000000000000000000e+00,3.184358020753766283e+00,3.117981907971223125e+14,7.688685655706522084e+03
4.310829748527183369e+00,3.833448093008698976e+01,0.000000000000000000e+00,4.946092541367829831e+00,1.648932144738957764e+12,7.749009258052525183e+03
8.909703117970930464e+01,7.586830535159984379e+01,0.000000000000000000e+00,3.723041934732735037e+00,4.850935722574098438e+13,7.758648613538623977e+03
5.735503981808589913e+01,3.053454770819236330e+01,0.000000000000000000e+00,3.342565879820033725e+00,1.750580532953609375e+14,7.692234087704974627e+03
1.801575120469482272e+01,9.088440790965303506e+01,0.000000000000000000e+00,4.903534276277369486e+00,1.827601987374177979e+12,7.735943993988499642e+03
